;451_Autohandel_en_-reparatie;452_Gespecialiseerde_autoreparatie;453_Handel_in_auto-onderdelen;454_Handel_en_reparatie_van_motorfietsen;462_Groothandel_in_landbouwproducten;463_Groothandel_in_voedingsmiddelen;464_Groothandel_in_non-food;465_Groothandel_in_ICT-apparatuur;466_Groothandel_in_industriemachines;467_Overige_gespecialiseerde_groothandel;4711_Supermarkten;472_Winkels_in_voedingsmiddelen;474_Winkels_in_consumentenelektronica;475_Winkels_in_overige_huishoudwaren;4752_Winkels_in_doe-het-zelfartikelen;476_Winkels_in_recreatieartikelen;4771_Winkels_in_kleding;4772_Winkels_in_schoenen_en_lederwaren;4791_Postorderbedrijven,_webwinkels;49_Vervoer_over_land;50_Vervoer_over_water;51_Vervoer_door_de_lucht;52_Opslag,_dienstverlening_voor_vervoer;53_Post_en_koeriers;551_Hotels;561_Restaurants,_andere_eetgelegenheden;562_Kantines_en_catering;563_Caf√©s;58_Uitgeverijen;"59_Film-_en_tv-productie;_geluidsopname";60_Radio-_en_televisieomroepen;61_Telecommunicatie;62_IT-dienstverlening;63_Diensten_op_het_gebied_van_informatie;691_Rechtskundige_dienstverlening;692_Accountancy,_administratie_e.d.;702_Managementadviesbureaus;71_Architecten-,_ingenieursbureaus_e.d.;712_Keurings-_en_controlediensten;73_Reclamewezen_en_marktonderzoek;74_Design,_fotografie,_vertaalbureaus;78_Uitzendbureaus_en_arbeidsbemiddeling;79_Reisbureaus,_reisorganisatie_en_-info;80_Beveiligings-_en_opsporingsdiensten;81_Schoonmaakbedrijven,_hoveniers_e.d.;82_Overige_zakelijke_dienstverlening;10_Voedingsmiddelenindustrie;11_Drankenindustrie;12_Tabaksindustrie;13_Textielindustrie;14_Kledingindustrie;15_Leer-_en_schoenenindustrie;16_Houtindustrie;17_Papierindustrie;18_Grafische_industrie;19_Aardolie-industrie;20_Chemische_industrie;21_Farmaceutische_industrie;22_Rubber-_en_kunststofproductindustrie;23_Bouwmaterialenindustrie;24_Basismetaalindustrie;25_Metaalproductenindustrie;26_Elektrotechnische_industrie;27_Elektrische_apparatenindustrie;28_Machine-industrie;29_Auto-_en_aanhangwagenindustrie;30_Overige_transportmiddelenindustrie;31_Meubelindustrie;32_Overige_industrie;33_Reparatie_en_installatie_van_machines;41_Algemene_bouw_en_projectontwikkeling;42_Grond-,_water-__en_wegenbouw;43_Gespecialiseerde_bouw;75_Veterinaire_dienstverlening
2000Q1;;;;;;;;;;;50.3;103.1;114.6;90.2;75.5;103.7;92.5;112.1;10.7;;;;;;;;;;;;;;;;;;;;;;;;;;;;;;;;;;;;;;;;;;;;;;;;;;;;;;;
2000Q2;;;;;;;;;;;54.2;112.5;110.8;97.5;89.1;126.1;118.4;174.1;10.2;;;;;;;;;;;;;;;;;;;;;;;;;;;;;;;;;;;;;;;;;;;;;;;;;;;;;;;
2000Q3;;;;;;;;;;;53.7;110.0;115.5;93.2;82.1;136.1;107.6;161.5;14.8;;;;;;;;;;;;;;;;;;;;;;;;;;;;;;;;;;;;;;;;;;;;;;;;;;;;;;;
2000Q4;;;;;;;;;;;56.2;124.0;148.8;108.7;88.9;134.7;124.3;164.7;11.8;;;;;;;;;;;;;;;;;;;;;;;;;;;;;;;;;;;;;;;;;;;;;;;;;;;;;;;
2001Q1;;;;;;;;;;;54.9;107.1;124.3;94.3;78.5;107.0;98.8;118.2;15.3;;;;;;;;;;;;;;;;;;;;;;;;;;;;;;;;;;;;;;;;;;;;;;;;;;;;;;;
2001Q2;;;;;;;;;;;57.8;116.4;117.2;105.8;98.3;134.6;124.8;186.4;12.1;;;;;;;;;;;;;;;;;;;;;;;;;;;;;;;;;;;;;;;;;;;;;;;;;;;;;;;
2001Q3;;;;;;;;;;;56.9;112.2;125.9;97.0;86.0;143.2;115.5;170.2;16.5;;;;;;;;;;;;;;;;;;;;;;;;;;;;;;;;;;;;;;;;;;;;;;;;;;;;;;;
2001Q4;;;;;;;;;;;60.5;129.3;157.0;115.4;94.6;145.6;128.1;169.6;14.2;;;;;;;;;;;;;;;;;;;;;;;;;;;;;;;;;;;;;;;;;;;;;;;;;;;;;;;
2002Q1;;;;;;;;;;;57.5;109.3;128.1;98.0;84.9;114.4;102.9;124.1;15.4;;;;;;;;;;;;;;;;;;;;;;;;;;;;;;;;;;;;;;;;;;;;;;;;;;;;;;;
2002Q2;;;;;;;;;;;61.3;116.1;123.1;107.0;101.4;139.4;128.1;186.3;13.3;;;;;;;;;;;;;;;;;;;;;;;;;;;;;;;;;;;;;;;;;;;;;;;;;;;;;;;
2002Q3;;;;;;;;;;;60.6;112.6;132.8;101.6;95.5;147.1;117.0;168.1;17.6;;;;;;;;;;;;;;;;;;;;;;;;;;;;;;;;;;;;;;;;;;;;;;;;;;;;;;;
2002Q4;;;;;;;;;;;63.1;127.4;160.4;113.6;97.1;148.9;134.5;171.9;14.6;;;;;;;;;;;;;;;;;;;;;;;;;;;;;;;;;;;;;;;;;;;;;;;;;;;;;;;
2003Q1;;;;;;;;;;;59.2;107.2;129.2;97.1;84.3;114.9;101.3;127.4;15.8;;;;;;;;;;;;;;;;;;;;;;;;;;;;;;;;;;;;;;;;;;;;;;;;;;;;;;;
2003Q2;;;;;;;;;;;63.2;113.2;118.4;101.5;97.0;133.5;120.7;181.7;13.4;;;;;;;;;;;;;;;;;;;;;;;;;;;;;;;;;;;;;;;;;;;;;;;;;;;;;;;
2003Q3;;;;;;;;;;;62.3;107.3;124.1;94.8;88.1;135.1;105.5;160.2;15.9;;;;;;;;;;;;;;;;;;;;;;;;;;;;;;;;;;;;;;;;;;;;;;;;;;;;;;;
2003Q4;;;;;;;;;;;64.4;118.8;152.7;105.4;89.4;141.6;124.2;160.6;14.1;;;;;;;;;;;;;;;;;;;;;;;;;;;;;;;;;;;;;;;;;;;;;;;;;;;;;;;
2004Q1;;;;;;;;;;;60.3;99.7;123.6;93.1;81.2;108.4;94.6;118.2;17.8;;;;;;;;;;;;;;;;;;;;;;;;;;;;;;;;;;;;;;;;;;;;;;;;;;;;;;;
2004Q2;;;;;;;;;;;63.3;105.7;112.6;98.8;95.2;131.3;120.1;174.4;14.7;;;;;;;;;;;;;;;;;;;;;;;;;;;;;;;;;;;;;;;;;;;;;;;;;;;;;;;
2004Q3;;;;;;;;;;;61.5;102.1;114.6;92.5;84.8;133.7;106.5;153.4;15.9;;;;;;;;;;;;;;;;;;;;;;;;;;;;;;;;;;;;;;;;;;;;;;;;;;;;;;;
2004Q4;;;;;;;;;;;64.4;117.5;131.7;102.4;87.1;136.0;119.9;149.8;15.8;;;;;;;;;;;;;;;;;;;;;;;;;;;;;;;;;;;;;;;;;;;;;;;;;;;;;;;
2005Q1;90.6;80.5;72.1;83.1;34.3;58.1;51.4;77.8;56.9;58.7;59.3;96.4;110.5;88.6;77.3;102.4;92.9;110.4;18.1;58.4;106.5;103.1;56.3;63.7;89.9;59.3;86.4;129.6;115.0;86.3;57.1;119.8;49.1;24.0;51.2;69.0;43.2;56.1;39.8;90.9;39.1;34.4;44.7;52.6;44.1;54.3;67.6;75.8;;116.8;317.3;222.2;78.0;68.7;214.4;63.8;45.7;77.6;66.6;73.8;58.9;72.6;78.8;63.0;53.5;184.9;67.6;112.0;72.0;72.9;53.6;42.4;46.4;64.4
2005Q2;90.5;85.1;74.9;101.5;33.2;63.7;44.4;78.6;59.0;68.9;62.3;104.7;106.9;97.3;95.9;123.6;116.4;164.9;15.9;65.7;117.2;122.2;60.9;64.3;124.1;74.1;91.2;150.4;129.8;87.6;63.3;123.5;47.4;24.6;64.6;68.6;49.3;62.4;41.3;106.5;47.3;39.8;51.9;55.6;53.9;53.9;68.9;96.3;;119.8;300.4;168.2;95.3;72.3;225.1;87.6;47.8;79.7;73.8;101.8;58.6;85.1;78.2;71.8;60.8;192.8;73.2;123.1;78.1;74.4;70.6;63.5;59.1;71.1
2005Q3;81.6;80.5;68.8;74.9;31.3;60.4;47.5;69.1;58.6;66.8;62.0;102.6;117.8;93.9;87.5;131.9;107.1;160.2;15.6;64.1;120.0;140.1;61.2;59.2;121.8;78.6;91.7;159.5;125.8;85.8;55.0;121.7;46.5;24.2;56.7;61.3;46.1;63.8;42.7;98.3;44.2;41.7;70.7;55.7;51.9;52.4;68.1;94.0;;102.0;364.2;196.9;84.4;68.9;213.4;98.9;50.8;83.7;64.5;81.4;53.7;76.3;71.6;68.2;56.7;143.9;58.9;97.1;70.7;74.9;59.2;60.9;53.7;68.6
2005Q4;84.5;85.5;72.7;59.1;36.3;67.2;50.4;78.9;70.5;71.8;64.8;118.1;137.3;106.5;92.8;137.3;129.4;166.5;16.8;72.3;116.9;126.3;64.6;73.6;119.0;72.8;99.6;148.4;142.0;113.5;75.5;123.4;61.6;29.4;67.9;72.9;62.2;74.7;48.5;130.3;49.2;45.1;45.0;60.7;61.6;62.9;73.7;83.8;;112.7;324.9;175.4;92.1;70.0;253.9;96.1;56.6;88.5;71.2;96.1;58.1;88.1;83.5;81.4;66.9;162.4;69.2;116.4;95.4;76.5;77.5;83.3;67.5;68.1
2006Q1;98.3;84.0;79.3;82.8;37.3;61.9;49.3;75.2;62.5;71.9;61.2;98.6;121.9;96.5;86.2;109.7;96.4;113.6;17.2;64.3;100.8;118.1;62.2;67.1;93.4;61.6;89.4;135.2;120.7;91.1;60.3;122.8;55.0;26.8;56.7;73.5;49.0;62.5;45.3;94.6;43.2;43.2;50.1;58.3;45.7;52.6;67.9;70.3;;118.5;379.8;225.8;88.5;70.5;219.6;141.0;58.6;108.9;71.5;84.4;61.7;80.0;77.2;70.4;58.4;171.9;67.2;107.1;78.7;67.0;59.6;45.5;51.2;67.0
2006Q2;93.9;85.4;82.0;103.6;34.9;68.3;46.5;75.7;63.0;81.1;65.9;108.8;119.5;106.3;104.4;133.9;126.0;183.7;17.3;72.5;94.1;137.0;66.8;65.2;134.9;77.6;94.4;155.5;134.0;92.5;66.8;124.1;52.1;27.1;67.5;68.9;55.7;70.2;44.8;108.8;49.4;49.0;56.3;60.3;57.1;52.6;70.3;96.9;;121.1;371.1;157.3;98.7;70.6;227.4;177.2;65.4;105.7;76.2;108.5;66.8;90.2;85.0;81.7;66.0;178.6;82.3;111.2;80.6;72.9;75.2;69.1;62.2;74.0
2006Q3;85.2;84.5;74.5;76.5;31.9;61.8;48.5;68.5;63.3;78.0;65.2;104.2;123.4;98.4;92.5;142.8;115.1;168.0;17.1;70.3;96.9;153.3;63.7;61.7;128.8;82.8;96.5;165.4;129.1;90.5;58.1;125.0;51.6;26.8;59.0;62.3;55.0;67.1;47.3;97.6;45.9;52.4;78.9;60.2;56.5;51.1;69.0;95.0;;106.0;365.9;188.3;83.8;66.4;207.2;169.8;64.6;86.0;66.2;90.8;64.7;86.3;87.6;79.9;62.2;128.8;63.1;97.6;74.4;69.1;62.2;68.0;56.9;71.4
2006Q4;88.5;91.9;83.8;60.0;36.0;68.2;51.7;80.7;79.6;78.9;66.1;119.8;144.6;110.0;97.6;145.5;135.3;174.2;18.1;77.9;92.1;135.3;69.6;75.0;125.5;76.9;106.2;154.1;151.3;119.8;79.7;131.0;69.2;33.0;71.2;74.7;71.8;81.7;58.0;136.8;51.5;56.8;50.7;65.2;66.3;63.9;76.1;87.3;;118.4;311.8;126.2;106.7;72.2;257.9;172.9;66.2;85.2;74.7;110.5;72.2;104.7;99.3;99.9;74.3;185.5;83.8;120.8;98.4;87.0;84.0;94.2;73.3;70.9
2007Q1;100.5;89.8;83.5;82.0;46.2;63.8;52.5;78.7;69.1;80.7;65.0;100.2;127.6;98.8;89.4;120.1;106.8;122.7;17.9;70.3;95.3;127.7;67.7;67.4;104.2;67.6;94.5;139.9;130.6;96.1;63.6;126.4;61.9;30.2;58.8;75.1;56.4;68.4;50.9;94.9;44.7;54.7;56.1;61.0;49.4;58.7;72.8;83.0;;124.0;318.3;154.0;101.9;75.0;223.1;141.0;67.8;80.8;75.6;94.3;71.1;96.2;73.0;92.1;79.3;155.5;81.5;122.3;84.9;75.4;68.0;52.9;58.4;71.1
2007Q2;98.0;89.8;86.7;104.0;44.9;71.6;50.5;82.5;69.6;87.6;68.5;109.0;125.3;107.4;106.6;148.5;134.2;180.8;18.7;77.9;104.1;149.0;71.9;67.1;141.5;84.3;106.4;162.0;145.5;97.7;70.5;130.0;58.9;30.6;69.0;73.4;63.6;76.0;50.3;110.1;50.6;60.5;57.2;61.8;60.2;56.3;76.3;103.2;;122.7;288.4;106.3;116.9;76.5;232.2;158.3;72.6;101.1;80.0;112.0;73.9;106.7;73.6;93.6;81.2;164.6;95.7;129.3;83.4;88.4;83.3;73.0;69.2;78.5
2007Q3;90.3;85.2;79.1;77.8;46.7;67.7;53.2;72.7;68.9;83.7;66.4;103.5;130.0;99.6;92.1;147.9;125.4;170.0;18.8;75.5;110.1;162.6;73.4;61.6;135.2;85.4;104.8;163.5;136.2;95.6;61.3;125.5;58.6;30.5;62.5;66.5;61.5;70.1;51.8;98.4;48.6;63.2;77.5;63.6;58.5;53.7;78.6;95.8;;105.2;321.9;131.9;95.1;72.6;214.2;178.6;69.1;97.3;72.4;92.2;72.1;94.7;65.2;98.1;72.7;140.1;80.5;113.3;79.1;91.7;69.8;68.9;62.8;75.7
2007Q4;91.6;94.0;86.0;59.9;62.4;74.6;58.8;81.2;83.5;91.7;71.5;120.5;149.0;111.2;96.8;157.6;137.1;165.0;20.6;82.2;107.8;141.3;78.7;74.0;135.2;78.3;117.9;156.3;158.6;126.5;84.1;126.9;75.0;35.8;73.5;78.4;78.3;87.8;60.5;137.2;53.3;67.7;51.9;67.4;69.0;69.0;86.1;94.3;;110.9;285.2;100.1;115.8;73.8;259.7;188.4;67.6;108.0;76.9;112.3;65.9;113.1;78.0;115.6;82.9;181.9;101.2;133.6;104.4;102.7;92.1;96.6;79.9;75.2
2008Q1;102.1;91.4;86.6;87.9;62.0;69.1;57.3;81.3;75.2;92.2;70.4;100.1;125.6;98.6;87.2;123.5;107.7;117.1;19.7;74.6;103.6;130.7;71.4;69.4;110.9;68.5;102.7;143.2;132.6;97.6;64.6;120.4;65.9;32.1;61.7;78.7;60.7;73.9;55.2;96.7;47.0;63.0;57.9;68.0;52.9;59.1;81.8;88.6;;106.4;282.8;148.8;101.8;74.2;214.8;197.0;71.1;82.5;76.5;101.5;68.3;100.7;74.2;97.9;73.0;164.7;100.3;117.3;81.7;98.5;78.6;56.6;65.0;75.3
2008Q2;94.5;93.6;86.8;100.6;60.1;75.7;53.0;85.7;75.3;109.7;73.6;105.2;127.6;106.0;102.2;152.4;133.3;177.9;19.8;82.2;108.7;159.3;75.7;68.1;148.6;82.8;108.6;162.9;150.2;99.2;71.6;124.0;64.2;33.3;72.3;77.6;68.2;81.6;56.4;114.4;53.0;68.9;56.7;69.5;64.3;60.0;85.5;112.0;;109.9;194.6;118.4;114.2;76.3;220.7;240.1;76.1;87.5;79.7;119.6;77.0;116.8;79.8;103.0;80.5;160.2;136.8;121.8;86.0;107.8;93.8;79.9;78.3;83.1
2008Q3;85.5;90.2;77.1;74.4;67.8;70.7;55.7;73.4;71.9;104.1;71.9;100.8;129.6;98.9;90.0;151.2;124.7;170.7;19.6;80.1;111.1;165.6;75.9;63.9;137.3;84.2;102.6;160.8;140.1;97.0;62.2;120.3;63.1;32.9;63.6;69.9;67.2;76.4;57.0;103.4;49.6;68.5;77.6;70.1;62.9;55.4;83.5;101.1;;94.3;246.8;146.2;93.3;70.3;206.7;238.0;85.4;77.9;71.4;99.7;70.6;104.9;70.8;106.1;71.8;166.1;91.4;104.2;84.1;104.9;78.6;73.9;70.5;80.2
2008Q4;79.1;98.8;76.1;55.0;53.6;77.1;59.2;79.4;81.7;88.3;76.3;116.8;143.3;106.9;92.2;156.7;134.2;163.8;21.2;83.4;112.9;142.0;75.6;76.5;129.8;77.3;112.2;146.6;158.4;128.4;85.4;127.9;78.5;37.5;75.2;81.7;83.5;95.8;66.6;135.2;54.5;70.1;51.5;73.7;73.5;68.4;87.2;97.9;;100.4;221.4;118.4;104.6;65.7;243.6;124.0;66.4;81.0;73.4;111.6;59.4;113.7;83.8;111.2;84.2;211.7;121.6;126.0;118.5;120.6;100.0;96.4;85.1;79.6
2009Q1;83.0;90.3;70.3;72.4;57.8;68.7;54.9;72.3;65.1;76.8;71.6;94.0;117.1;90.9;79.4;116.4;102.9;116.4;20.4;69.0;89.6;102.2;64.2;64.5;100.6;66.6;97.1;130.1;124.0;99.0;76.8;118.9;69.3;33.5;63.2;83.7;62.9;77.6;60.6;92.1;48.2;61.0;53.9;71.6;54.9;60.4;78.3;86.5;;95.1;202.2;164.0;90.0;61.7;194.9;105.3;46.2;78.8;66.4;95.1;45.3;93.1;62.6;88.6;77.3;146.9;103.2;102.4;90.6;100.1;73.7;60.1;66.4;79.4
2009Q2;75.1;86.8;76.3;86.4;54.9;74.2;50.6;73.9;63.3;84.6;75.6;101.9;106.8;96.5;93.8;139.7;127.1;171.9;19.9;74.8;87.5;118.0;64.9;63.7;132.6;81.3;101.6;147.5;141.8;100.4;79.4;118.6;63.9;32.9;71.7;79.7;64.8;80.9;60.0;101.2;52.7;59.9;55.2;71.6;64.9;62.3;79.7;110.7;;91.3;137.3;133.6;97.2;63.2;199.0;112.1;55.3;79.6;67.2;109.3;41.3;94.1;68.5;90.3;73.7;116.1;149.8;101.9;91.9;101.9;84.8;80.7;75.2;87.7
2009Q3;69.7;82.7;71.8;65.2;50.4;70.0;54.6;63.2;60.0;84.5;72.5;96.8;113.0;89.4;80.8;140.7;115.6;160.8;19.1;71.8;87.6;138.6;64.7;60.1;128.1;82.1;91.7;152.9;130.2;96.5;65.2;113.9;59.3;30.8;63.8;70.5;59.0;75.5;61.1;90.1;49.8;59.8;78.8;70.4;64.1;58.7;76.4;106.4;;81.9;216.7;150.5;80.2;60.3;185.3;148.5;63.9;75.8;63.1;89.0;46.1;84.6;65.8;81.9;69.1;97.2;124.7;87.7;91.5;98.1;70.9;78.2;66.4;84.6
2009Q4;70.3;95.1;80.1;53.3;54.2;77.5;57.7;70.1;70.8;89.2;76.5;110.8;132.5;97.3;81.1;145.6;129.4;162.5;23.0;78.0;84.6;122.2;66.1;72.4;118.9;74.0;105.2;137.6;149.7;123.5;95.4;117.0;75.2;35.9;76.1;80.2;72.0;90.8;71.1;117.9;55.1;59.6;50.9;74.1;72.6;67.2;82.9;92.2;;87.5;185.4;144.1;88.6;59.4;216.2;155.3;68.0;81.5;66.4;93.8;43.1;97.3;78.7;101.4;77.0;115.5;141.5;104.0;118.3;115.6;85.2;98.0;77.9;84.0
2010Q1;82.2;90.1;83.8;70.3;56.4;70.9;55.2;77.4;61.3;90.5;71.7;88.7;113.2;83.8;70.6;107.9;102.2;112.4;22.5;67.5;78.6;106.7;63.9;62.6;96.2;62.7;97.1;122.2;123.9;89.1;79.4;117.3;66.9;31.1;62.6;83.4;53.8;71.0;63.9;84.7;47.8;51.8;55.6;68.3;52.8;61.0;75.5;88.7;;88.9;261.1;175.8;74.7;61.3;177.7;166.6;66.6;63.9;62.8;69.2;52.8;82.8;70.6;76.4;65.0;114.3;116.9;96.6;99.3;93.4;57.2;50.9;57.1;79.6
2010Q2;80.8;86.7;86.9;94.6;59.2;79.3;52.5;84.1;63.3;103.3;76.6;97.5;107.1;91.7;86.9;133.9;124.7;156.5;23.3;75.9;84.1;125.1;68.1;61.1;131.6;76.8;100.2;146.5;134.9;84.8;88.3;117.6;61.9;30.7;71.9;78.8;55.8;77.6;62.7;100.4;52.8;56.6;59.3;70.7;65.1;62.8;79.1;107.4;;92.2;238.8;130.9;86.9;65.5;182.0;184.4;78.1;67.8;68.3;98.8;56.5;91.7;74.1;80.2;67.2;116.9;131.7;100.1;97.6;91.3;73.4;77.9;70.1;89.0
2010Q3;76.8;84.6;86.1;66.0;57.3;73.9;59.0;74.4;64.7;92.9;74.4;92.8;120.4;86.9;76.0;129.7;119.6;164.8;22.7;74.6;85.9;152.6;70.9;56.7;134.1;80.9;99.7;156.2;126.9;91.8;78.9;118.5;60.1;31.8;64.4;68.8;53.3;75.2;65.7;93.3;50.1;59.4;89.4;70.2;65.5;59.4;78.6;98.1;;84.9;296.4;148.4;76.2;67.1;168.2;174.4;76.7;64.3;62.1;78.2;58.5;85.7;76.6;79.6;63.4;119.1;98.7;92.7;93.8;90.5;63.1;72.1;63.8;84.7
2010Q4;80.2;99.5;95.7;47.8;65.6;80.1;63.0;80.3;80.0;104.2;78.7;109.0;133.0;94.3;78.1;140.2;127.7;165.9;25.5;82.6;83.6;129.3;71.6;68.1;130.0;75.1;107.7;140.5;149.4;120.4;104.5;117.6;77.3;35.7;77.1;79.4;69.0;89.4;77.9;119.8;55.7;62.1;56.4;73.1;73.5;71.3;86.1;89.5;;90.5;225.0;130.5;87.5;69.3;201.9;179.3;78.5;67.5;66.8;82.9;60.1;101.3;85.8;85.4;75.3;127.8;111.9;105.2;123.5;98.6;77.5;94.7;75.6;84.3
2011Q1;92.6;88.4;95.7;68.1;69.4;74.0;61.1;81.0;72.2;109.0;72.9;86.7;113.9;83.7;71.8;105.5;101.1;121.4;23.1;73.4;77.0;116.3;68.8;60.3;102.9;66.8;97.4;128.3;118.1;93.7;82.1;114.0;67.8;32.9;66.2;81.8;52.3;70.6;67.9;88.4;50.3;56.7;57.9;71.0;56.3;61.0;83.3;83.5;;91.1;180.3;167.9;76.3;68.1;174.9;215.7;92.5;64.8;68.6;82.4;71.4;87.2;78.1;80.1;72.2;104.8;108.4;93.8;107.8;81.8;63.0;57.1;61.5;85.5
2011Q2;88.8;91.5;97.0;86.8;68.0;80.2;57.1;75.9;71.7;119.8;78.8;96.3;105.8;91.2;88.6;128.4;123.4;166.8;23.3;80.0;87.3;137.9;72.8;60.5;142.2;83.2;105.8;150.3;131.3;99.1;90.8;117.8;64.0;32.9;73.6;79.7;56.4;76.6;67.5;95.8;54.0;62.6;67.3;71.6;67.1;60.5;88.2;104.0;;93.6;116.9;97.3;90.2;74.2;177.9;227.5;98.4;59.7;73.6;100.0;69.7;100.1;82.1;83.4;74.0;100.0;121.0;95.8;101.6;91.9;73.9;80.2;73.4;94.8
2011Q3;80.4;85.3;96.4;56.7;62.6;74.9;62.0;78.1;72.7;110.7;76.2;89.8;117.5;85.5;75.2;122.7;115.2;161.6;23.4;77.0;90.0;157.5;72.8;57.0;138.1;84.5;100.2;155.0;122.1;90.4;76.6;116.5;64.0;32.0;65.1;67.2;52.9;70.9;67.6;89.4;50.5;62.6;96.6;71.3;64.4;58.9;87.8;95.0;;83.3;197.0;129.2;77.6;72.1;165.8;225.1;94.7;62.8;66.8;79.1;59.5;92.3;76.7;75.8;69.6;96.4;85.6;83.3;97.4;86.3;63.5;75.2;65.9;94.7
2011Q4;80.3;101.5;104.7;49.0;67.1;78.5;59.7;86.9;77.4;107.4;79.9;106.0;128.6;91.7;76.6;130.6;127.5;166.2;25.5;82.1;89.9;132.9;74.8;67.9;131.1;78.9;110.1;142.3;137.7;121.0;102.8;118.7;78.8;38.5;77.4;78.8;67.1;85.1;78.3;112.4;55.9;64.3;62.7;75.4;75.3;67.9;92.9;97.2;;85.2;144.2;97.7;88.8;69.0;180.5;234.6;81.8;60.6;69.0;92.9;58.5;103.0;89.3;94.5;76.5;105.3;125.0;99.1;122.6;95.7;77.1;101.4;77.7;94.2
2012Q1;87.8;86.3;98.1;71.9;72.5;75.3;59.3;79.7;72.9;107.6;76.4;85.4;111.7;79.8;67.7;101.6;103.0;130.8;25.1;74.6;85.6;124.5;71.1;61.3;105.7;70.0;96.8;128.6;115.9;91.1;76.7;115.0;67.3;35.1;68.5;79.7;55.9;68.6;71.1;82.7;50.8;57.1;65.1;72.2;54.7;60.8;88.4;86.8;;84.8;144.5;159.9;74.0;68.1;149.0;249.8;101.9;56.0;65.1;75.5;58.9;85.8;79.4;84.5;69.9;93.7;99.3;96.0;103.6;80.2;54.6;56.4;56.8;88.8
2012Q2;92.9;87.6;92.9;78.1;78.4;82.6;54.6;79.0;72.9;107.1;80.2;94.1;109.1;84.0;78.8;118.0;116.5;151.4;25.1;82.3;89.4;148.2;75.4;59.9;147.3;84.5;109.1;147.6;126.6;93.8;85.0;115.6;62.2;35.6;73.9;78.4;59.0;75.0;73.0;93.5;53.5;60.8;81.2;72.4;68.0;66.4;90.0;112.8;;84.1;96.4;107.5;78.6;68.6;151.6;219.0;100.9;53.2;68.2;96.2;55.0;95.2;83.1;89.4;73.2;98.6;123.6;90.7;101.1;82.8;66.8;83.4;67.0;97.3
2012Q3;70.5;84.6;85.6;52.5;76.2;78.8;59.9;81.0;68.9;104.9;77.9;88.6;113.2;80.3;72.5;117.4;111.1;158.2;25.1;78.7;90.5;170.8;74.8;57.9;138.1;86.8;100.7;149.5;118.3;95.1;75.9;111.6;61.7;34.7;67.6;67.5;55.5;70.2;71.5;84.6;52.6;60.7;116.3;73.5;68.3;61.2;88.8;111.4;;70.9;150.6;141.1;64.0;66.5;138.9;239.3;100.1;55.5;65.2;75.9;54.2;85.5;75.1;79.3;66.3;88.5;97.7;83.8;92.3;81.9;60.1;76.7;61.9;94.5
2012Q4;72.2;92.7;94.0;44.2;76.5;83.0;58.5;90.8;75.3;100.3;81.9;100.2;117.2;81.4;66.7;118.3;120.9;154.0;28.1;83.2;93.1;143.4;75.1;68.0;128.2;79.8;109.2;135.6;127.8;120.9;90.9;115.6;72.1;40.6;77.2;77.7;66.3;81.6;83.4;104.4;57.6;62.1;70.2;77.4;74.0;69.1;94.5;100.8;;77.1;98.6;100.8;69.8;65.8;158.7;214.2;101.5;58.6;69.3;83.6;54.6;92.8;87.8;86.4;77.4;105.3;117.5;95.1;118.1;94.2;65.8;102.4;70.6;91.2
2013Q1;72.5;78.9;86.3;57.6;80.5;74.7;59.3;82.7;68.1;91.6;78.7;82.6;103.6;71.4;59.3;91.0;91.4;105.2;26.3;73.7;84.1;129.7;71.8;60.2;100.7;69.3;93.5;119.3;108.3;93.4;74.8;110.7;63.5;36.8;65.2;77.6;55.0;67.2;71.7;77.0;48.5;54.8;70.0;73.4;54.2;63.4;91.1;85.8;;83.5;123.1;134.4;60.1;65.9;137.8;208.0;92.9;70.6;65.9;61.9;52.7;80.7;67.1;73.5;67.4;71.3;74.6;82.7;96.1;90.5;47.4;55.6;51.8;86.7
2013Q2;74.4;83.2;92.0;70.8;80.3;84.4;55.7;76.2;71.5;94.8;81.2;89.7;96.2;78.0;73.4;114.9;113.6;143.6;27.6;79.9;94.9;155.0;74.7;59.8;145.7;86.6;107.6;143.7;117.7;98.7;86.3;109.4;61.6;37.3;74.4;78.4;59.8;75.1;74.8;88.9;51.3;61.5;87.2;71.2;68.0;64.6;94.4;111.6;;83.5;84.2;88.9;68.2;67.4;144.5;200.1;87.3;81.6;69.4;86.9;51.3;89.6;80.0;79.5;70.2;72.4;103.4;84.7;102.3;100.2;59.7;80.8;64.3;96.5
2013Q3;68.4;78.7;87.0;55.5;70.0;80.4;61.3;74.4;68.2;94.3;79.8;86.8;98.2;72.9;65.1;113.3;106.0;140.7;28.2;77.6;98.2;177.6;75.8;58.4;144.1;89.1;101.3;149.4;111.6;92.2;69.5;107.8;61.1;36.6;68.2;67.0;55.3;71.2;71.8;80.3;53.1;64.4;108.0;72.4;66.3;62.4;94.0;115.4;;75.3;129.0;132.3;57.1;65.9;136.9;218.8;94.6;97.0;65.9;73.9;50.0;84.9;85.1;81.5;70.0;59.8;82.2;73.8;97.4;90.3;53.2;77.1;61.0;94.3
2013Q4;83.8;93.8;95.4;45.3;71.8;82.1;59.3;80.9;74.7;91.4;82.3;100.0;112.8;78.6;65.2;112.3;119.1;146.0;31.7;85.4;98.2;141.1;76.4;70.1;131.6;83.2;110.2;137.3;117.6;121.0;93.1;110.5;74.7;42.3;79.6;75.4;69.7;84.9;84.4;104.7;58.6;68.5;64.5;74.5;74.8;74.6;98.3;101.0;;79.9;92.3;105.3;61.7;66.4;157.5;177.6;86.6;101.5;69.2;78.7;48.4;94.6;93.2;80.3;81.3;91.7;83.5;86.7;127.7;100.2;67.2;96.7;73.7;95.9
2014Q1;72.6;79.3;90.5;68.8;72.0;75.9;62.2;73.4;67.9;86.4;78.2;82.3;105.7;72.1;62.5;88.0;91.9;107.9;29.0;75.2;89.5;127.0;72.0;62.8;107.8;74.9;100.3;123.7;98.0;98.2;77.8;106.3;67.9;40.0;67.6;77.2;57.0;68.4;71.8;80.2;50.4;57.5;66.3;72.5;56.1;65.5;91.8;89.1;;81.5;164.5;130.6;57.5;64.4;130.7;189.1;101.0;119.5;67.5;60.7;55.7;82.6;;72.4;76.9;77.0;69.9;76.7;100.9;90.4;48.0;58.3;55.9;91.0
2014Q2;72.7;82.3;93.2;80.2;74.4;83.8;57.6;72.5;70.5;91.7;83.7;91.3;97.3;76.5;72.9;110.7;112.5;143.3;30.6;82.4;95.7;155.8;76.7;62.7;154.5;91.0;113.7;147.7;110.1;100.0;88.4;106.3;66.3;39.6;75.5;76.8;60.9;77.1;76.2;91.5;53.4;64.9;86.9;71.4;67.1;68.6;94.7;114.8;;86.5;148.0;96.4;62.1;68.3;134.5;201.4;96.3;130.2;72.3;73.4;52.1;87.7;;73.6;76.7;83.6;86.4;79.0;95.8;95.5;57.6;81.3;64.1;100.1
2014Q3;67.7;77.1;87.3;61.5;67.1;79.3;63.4;73.0;69.9;84.2;80.9;87.0;101.2;73.5;65.8;108.1;102.6;133.5;31.1;81.0;97.5;177.9;78.3;61.2;152.1;93.7;106.9;150.9;110.0;95.3;81.3;106.8;64.8;39.7;69.9;65.0;57.5;73.8;72.5;80.8;55.3;68.0;120.7;71.8;66.3;63.1;89.8;105.9;;77.5;194.0;135.6;57.6;64.8;120.9;193.7;94.4;117.4;66.7;64.0;51.0;81.6;;72.0;71.9;65.4;90.1;74.1;96.3;93.8;51.2;78.3;60.8;98.5
2014Q4;77.3;87.8;93.7;51.7;72.0;83.0;61.4;85.1;78.5;74.2;84.6;99.0;117.8;80.2;67.6;115.0;117.7;140.6;35.6;86.2;97.7;142.9;79.5;73.2;139.5;88.8;117.0;138.9;112.9;126.6;100.1;111.5;79.7;49.2;84.2;76.7;73.6;89.0;83.5;105.9;62.5;72.5;73.7;76.8;77.8;76.5;93.8;95.8;;77.5;150.7;108.5;66.9;64.1;137.4;137.4;69.6;115.4;72.2;68.4;51.7;92.6;;78.9;84.0;95.2;95.0;86.0;118.8;107.3;72.6;112.8;76.0;99.9
2015Q1;73.2;78.1;93.3;79.1;76.0;75.4;64.7;77.4;72.4;68.7;79.7;83.1;104.0;72.9;62.3;84.1;90.0;101.3;32.5;77.3;88.0;127.8;75.1;63.6;112.6;78.3;103.1;123.4;95.3;101.0;82.6;106.7;71.3;47.5;70.2;76.2;59.5;73.7;76.7;80.8;54.5;62.1;75.3;72.5;59.1;68.6;89.1;90.4;;85.3;110.2;146.5;64.4;63.1;122.3;111.1;73.9;97.1;71.4;59.8;58.1;83.3;80.8;71.4;79.5;85.5;90.7;80.6;95.8;94.2;52.5;59.6;58.3;92.9
2015Q2;76.6;82.3;97.7;91.0;74.1;85.7;62.0;79.9;75.2;75.9;85.2;91.4;93.8;80.4;77.6;106.7;111.9;139.8;34.6;84.7;97.6;158.9;77.8;64.6;162.9;98.2;117.5;151.8;108.5;110.3;89.4;104.6;72.5;49.2;78.8;77.6;65.5;80.6;81.8;91.6;57.9;70.9;103.5;73.7;72.6;75.0;93.1;114.9;;89.1;95.9;112.6;74.2;66.2;117.1;139.1;79.1;110.1;76.4;73.6;58.6;90.9;88.4;73.6;78.4;84.0;99.0;88.6;96.1;102.0;66.1;81.2;70.5;102.8
2015Q3;76.2;82.2;91.3;63.3;69.1;83.1;69.6;77.7;70.4;72.7;82.8;88.6;100.7;75.7;67.7;103.6;105.0;128.6;36.1;82.3;99.8;184.9;79.2;63.1;165.5;99.5;114.3;155.5;108.2;103.5;75.3;107.8;70.1;50.5;72.4;67.8;62.6;76.5;77.3;86.1;59.0;75.3;146.5;74.9;69.3;71.7;92.2;108.9;;83.6;115.1;127.5;64.7;63.2;109.3;125.0;73.8;119.0;70.8;61.6;53.9;83.5;91.1;67.7;72.4;75.0;77.6;79.7;96.5;93.3;57.6;86.0;63.4;101.4
2015Q4;98.4;95.3;102.7;53.2;76.5;86.4;66.3;91.3;80.9;67.7;86.1;104.4;113.8;82.3;69.2;107.6;115.5;128.9;42.3;89.8;98.5;147.8;82.1;75.4;149.0;95.8;124.6;145.9;112.4;136.4;94.2;106.6;87.8;60.2;86.8;81.2;78.7;92.5;91.6;110.8;69.8;82.8;92.7;81.7;80.3;82.6;97.9;100.2;;91.0;113.4;106.6;75.5;65.3;128.7;97.9;63.3;125.5;77.1;67.1;50.5;91.9;101.7;79.0;79.0;106.7;96.8;90.4;116.1;106.2;74.7;104.1;77.3;102.9
2016Q1;79.1;82.0;98.0;80.7;74.5;79.3;68.2;79.2;76.5;62.3;82.2;85.6;99.1;74.5;63.5;84.6;90.3;92.7;38.9;79.9;83.9;130.0;74.5;65.9;120.7;84.2;110.9;130.2;94.8;108.4;78.2;104.7;75.2;53.6;72.6;80.6;64.1;74.1;79.0;85.8;59.8;68.3;96.6;74.2;61.7;75.8;89.1;88.8;;90.0;110.9;147.2;71.7;62.8;111.6;69.2;66.4;72.9;72.2;66.4;53.4;81.4;94.3;68.3;70.6;107.9;88.4;81.9;97.2;90.6;57.7;58.1;62.2;97.0
2016Q2;82.6;89.4;105.6;101.2;76.0;87.2;67.0;75.8;79.6;74.7;85.8;92.8;91.6;82.0;78.3;105.5;115.0;125.8;41.3;86.9;89.7;153.8;77.2;65.4;171.3;103.0;124.9;158.4;107.9;114.5;84.2;102.5;72.9;54.1;81.3;84.1;69.1;85.0;85.0;94.8;64.6;76.9;118.6;73.5;73.9;80.5;94.9;109.2;;90.1;110.4;108.8;76.5;66.2;118.4;86.4;70.9;83.9;78.1;79.9;52.7;88.4;92.0;76.0;76.0;91.3;108.5;85.8;96.4;98.8;69.8;79.1;74.0;107.9
2016Q3;76.2;87.3;94.7;67.8;71.5;84.9;74.6;76.1;73.8;72.9;84.8;91.3;96.6;77.6;71.3;104.2;105.3;113.6;42.0;84.0;88.0;178.8;77.6;63.9;171.1;109.9;120.1;170.4;104.3;121.9;83.6;104.1;71.9;54.4;73.5;71.0;64.9;79.7;78.3;87.0;64.6;79.8;169.7;74.1;72.5;75.1;89.9;105.1;;88.8;103.5;136.2;65.8;64.5;111.5;88.8;77.0;99.5;71.8;67.5;49.6;81.7;94.0;79.6;68.2;87.0;70.2;81.9;90.3;98.7;63.0;81.7;70.6;105.5
2016Q4;88.3;97.1;104.3;60.6;82.0;86.2;74.8;89.4;83.7;77.0;88.0;105.2;115.0;86.1;74.1;106.7;127.6;129.3;50.3;93.3;89.7;142.3;82.4;76.9;155.6;102.2;126.5;151.2;110.5;143.9;99.2;107.1;88.5;64.3;88.1;84.2;81.0;94.6;89.9;113.4;77.2;86.6;112.3;78.5;83.9;89.1;98.0;92.2;;87.7;101.2;110.7;77.4;63.8;130.1;103.8;78.4;100.2;77.1;77.5;53.1;94.8;105.0;83.8;79.7;111.7;73.3;96.6;120.2;115.3;82.8;102.2;83.9;104.6
2017Q1;86.0;88.0;105.0;80.5;79.4;82.2;74.4;84.1;82.0;82.6;83.3;85.3;96.0;79.1;70.2;83.6;93.9;93.9;44.8;84.2;88.0;134.7;77.2;69.3;130.3;91.3;109.7;134.9;91.6;112.6;80.1;104.9;78.9;64.8;75.6;83.0;67.7;78.7;84.2;87.0;65.2;74.7;115.2;75.2;65.7;77.0;92.3;89.4;;98.1;113.1;150.8;71.8;63.9;108.8;105.2;87.6;93.9;78.2;67.7;65.5;82.9;;70.7;77.4;105.0;85.8;85.4;89.9;97.6;62.8;61.1;64.7;98.4
2017Q2;88.2;93.1;101.7;110.2;76.6;91.6;72.9;83.2;83.9;82.0;89.9;94.3;86.3;86.4;84.2;107.7;116.6;127.9;48.1;91.2;93.0;161.9;80.5;68.1;187.8;113.5;123.3;167.1;102.4;128.4;86.0;100.5;76.3;63.3;82.4;84.6;73.8;85.9;90.6;94.9;69.0;83.9;142.7;76.4;80.1;86.1;92.6;125.2;;96.3;122.3;111.6;77.9;67.8;112.4;91.8;85.4;90.7;83.9;85.2;67.6;88.7;;78.0;81.3;106.0;89.5;92.6;85.0;94.8;76.8;82.1;76.7;110.5
2017Q3;80.3;86.4;93.1;70.5;68.4;88.1;78.4;79.5;81.1;76.9;87.2;91.4;96.8;83.2;75.9;105.8;111.0;123.4;49.8;88.6;93.3;181.0;81.7;66.9;184.7;117.5;121.6;172.9;103.0;116.1;72.4;98.3;75.7;66.0;76.1;73.3;69.9;83.4;85.0;87.8;68.9;85.6;192.1;78.5;77.5;82.1;91.4;110.0;;87.6;116.0;145.6;66.7;66.3;100.6;77.4;81.1;77.7;78.0;73.6;58.2;80.3;;79.3;77.8;97.1;72.8;86.4;86.6;93.6;68.7;82.6;71.2;107.0
2017Q4;89.2;103.1;104.6;50.4;69.4;91.2;80.0;93.3;88.9;83.1;90.8;104.1;113.4;88.3;77.1;101.6;120.5;124.6;59.0;97.5;91.8;150.2;86.9;79.5;171.5;109.2;129.9;156.1;108.5;161.2;94.6;100.7;93.0;74.2;91.6;89.3;89.6;100.3;97.0;116.3;81.6;93.9;118.9;83.0;89.8;90.1;98.8;101.6;;93.8;138.5;120.8;79.7;67.6;117.7;90.8;86.0;113.5;83.2;83.4;68.2;93.7;;88.7;87.7;126.7;55.6;103.0;110.9;112.5;91.7;108.7;88.3;106.2
2018Q1;92.3;92.6;103.8;79.2;71.7;84.2;78.2;84.5;86.5;85.8;86.9;85.2;94.1;80.9;71.8;82.5;93.5;86.1;52.3;88.0;84.2;141.9;80.7;71.6;140.2;97.8;115.3;138.8;91.2;140.5;82.5;96.7;84.5;72.0;78.1;86.7;73.8;82.3;87.6;88.6;69.9;83.7;120.1;80.0;71.3;83.3;94.3;90.6;;98.4;125.9;157.0;76.0;79.0;104.6;110.6;89.7;83.1;82.6;74.8;70.4;86.8;;75.2;80.7;123.2;73.7;94.5;97.2;101.0;69.3;62.4;69.4;99.3
2018Q2;95.7;97.9;105.0;107.2;75.2;92.2;77.0;83.7;89.3;93.5;93.3;93.1;84.7;87.8;88.3;107.4;118.2;128.2;55.3;96.6;93.8;169.1;84.1;72.5;201.6;121.5;131.9;175.5;100.7;132.6;86.7;96.1;81.7;69.1;89.3;89.4;81.1;92.7;93.2;96.7;75.1;94.2;154.9;82.7;87.5;85.4;94.1;121.1;;97.6;131.2;116.6;84.5;82.1;107.5;126.9;89.5;86.5;89.0;95.8;74.8;98.2;;82.1;87.4;140.7;86.7;94.9;93.2;109.9;87.2;92.6;84.1;110.8
2018Q3;84.4;92.0;93.3;70.5;71.2;89.2;83.9;83.6;83.6;86.8;90.3;89.3;95.2;81.6;76.9;105.7;110.0;115.7;55.4;93.9;100.5;189.2;86.2;73.1;196.7;124.2;127.5;180.6;100.0;133.5;79.1;97.7;82.0;74.5;80.0;77.1;76.4;88.2;89.0;88.6;77.2;95.3;212.1;83.3;84.4;85.2;89.9;120.7;;86.1;115.0;150.7;72.8;80.5;100.5;143.7;90.4;82.2;79.5;78.5;68.9;88.4;;79.7;81.5;130.9;75.2;88.0;90.5;108.0;75.6;88.2;77.8;102.9
2018Q4;89.6;106.7;103.1;61.7;75.1;93.2;84.3;94.0;93.8;90.3;94.2;105.6;115.8;90.0;80.8;101.3;122.5;122.6;65.1;103.1;104.6;159.3;90.8;86.1;186.2;117.5;138.1;166.5;107.8;185.9;101.7;101.8;100.2;85.3;96.2;93.7;96.8;107.3;101.6;117.4;91.3;104.0;134.8;89.7;99.4;96.3;99.3;104.7;;93.9;117.1;134.0;89.5;86.9;117.6;106.3;87.8;84.2;88.7;95.3;75.5;106.2;;107.2;99.2;168.2;82.9;112.4;116.3;124.2;103.7;109.9;97.6;104.2
2019Q1;93.0;96.0;101.4;90.4;76.7;87.5;80.9;85.8;91.7;86.4;88.2;83.2;95.1;84.6;76.8;81.5;92.5;87.7;58.1;92.7;89.7;142.2;83.7;77.3;145.6;102.5;122.7;144.1;89.7;136.4;86.4;96.1;90.4;85.5;81.7;90.7;80.4;87.8;91.6;91.5;77.7;89.8;127.5;84.5;75.9;87.2;91.8;92.7;;94.3;120.7;154.2;83.2;87.6;100.7;96.9;85.4;91.3;90.1;85.0;74.5;92.9;;91.3;86.8;102.9;75.9;99.1;95.4;102.8;78.3;71.7;76.6;98.0
2019Q2;95.8;103.0;102.6;94.6;73.6;96.9;83.0;84.9;93.1;91.7;94.6;92.0;88.2;93.4;93.3;103.6;117.1;124.5;62.3;102.1;94.6;171.8;86.1;76.7;215.5;125.7;141.1;176.0;102.9;141.4;90.8;95.3;87.2;77.0;92.3;95.5;88.3;97.5;97.4;99.7;82.7;99.3;165.7;85.9;93.8;90.1;93.2;130.1;;95.1;106.5;125.1;91.8;88.4;106.8;98.3;84.5;97.7;92.5;105.1;73.8;103.1;;99.8;90.8;109.1;100.2;98.0;100.5;115.3;94.2;95.2;91.1;110.2
2019Q3;88.5;94.8;94.6;73.9;70.8;93.6;87.8;85.7;88.1;89.2;92.4;89.3;95.4;87.8;83.8;103.9;109.2;114.8;63.2;98.4;95.0;194.2;86.8;74.0;206.0;128.1;136.5;180.4;101.0;144.9;79.9;98.0;87.2;79.2;83.6;81.4;83.2;95.5;91.3;92.7;83.2;98.5;223.8;88.4;91.2;85.7;89.4;120.8;;86.3;101.8;141.8;78.9;89.2;93.4;99.5;79.5;84.6;83.5;87.7;62.1;91.9;;89.4;90.8;88.6;92.8;87.1;95.0;111.6;84.7;96.6;83.9;106.8
2019Q4;98.8;107.7;102.2;62.6;70.7;96.7;89.0;95.5;95.0;90.3;95.9;106.0;119.1;94.7;86.0;96.5;124.4;121.6;74.1;106.4;93.1;160.5;90.5;85.6;195.1;122.5;145.6;167.2;106.8;191.2;95.3;100.8;105.9;92.2;101.6;97.4;103.7;111.6;106.1;118.3;98.7;106.4;142.7;94.2;103.5;100.7;96.1;110.8;;87.9;113.4;122.9;89.7;86.7;108.2;105.1;76.0;96.4;87.0;96.1;67.6;99.8;;95.6;108.8;107.8;97.7;105.1;109.7;117.2;104.5;117.8;100.4;106.6
2020Q1;91.9;94.5;93.7;89.8;75.6;92.9;84.0;87.0;93.0;87.7;94.9;86.3;100.3;90.5;87.4;81.3;75.8;73.2;67.4;94.0;91.4;122.5;82.7;76.1;127.5;92.2;115.6;121.7;91.2;119.5;89.6;96.5;92.4;89.8;88.2;97.3;85.7;95.4;94.0;87.9;84.9;88.9;98.2;92.1;83.9;88.4;94.5;91.7;;96.5;89.3;157.5;84.6;88.6;92.1;87.5;79.4;95.6;89.4;89.1;66.2;90.8;;102.2;97.4;90.2;85.6;98.1;87.9;115.1;84.0;79.8;85.3;102.0
2020Q2;70.7;83.2;73.1;89.7;90.4;93.7;71.8;83.9;82.9;67.6;102.1;96.2;103.1;110.0;118.2;116.3;80.9;92.4;84.6;82.1;87.8;41.0;77.4;84.4;45.2;64.8;64.9;59.8;92.7;90.6;80.0;94.5;85.2;88.8;93.5;94.9;84.9;96.3;94.1;72.1;72.1;82.8;18.5;82.4;90.3;85.0;88.4;92.3;;85.8;96.5;66.7;88.6;84.9;78.9;44.6;58.9;95.1;87.2;101.3;53.5;91.2;;93.4;86.9;70.2;89.9;81.4;72.1;93.3;92.8;104.6;90.5;112.4
2020Q3;89.0;86.2;86.8;84.3;78.4;97.0;93.3;87.4;86.8;72.2;98.2;97.5;104.6;103.7;100.1;118.7;103.8;110.3;79.3;89.0;85.8;72.8;81.7;82.6;139.1;123.1;89.8;161.1;99.2;96.1;79.4;95.4;89.1;84.8;86.2;80.9;81.1;93.2;95.3;80.0;80.8;88.5;92.2;87.0;91.4;81.4;92.4;119.3;;85.4;100.1;112.7;80.6;84.0;84.5;60.6;65.2;96.3;81.9;88.5;55.2;85.1;;87.1;88.3;73.8;78.3;85.4;87.0;94.4;84.1;101.2;85.8;120.5
2020Q4;99.3;94.2;100.1;66.7;79.8;95.5;92.6;103.6;95.5;74.1;103.4;113.5;124.2;103.9;100.5;90.9;89.2;89.9;100.4;98.7;90.0;70.4;90.1;107.4;62.4;65.1;81.7;43.6;101.3;113.8;99.5;100.3;107.9;102.9;109.2;99.5;104.6;112.7;106.7;111.9;100.1;99.2;36.0;93.9;106.5;97.4;97.2;79.5;;91.4;;101.0;92.4;88.8;100.7;58.9;70.5;117.2;88.0;97.0;57.3;92.2;;101.6;104.1;93.7;97.2;100.3;112.5;106.2;107.6;116.8;104.0;122.7
2021Q1;90.1;90.8;97.4;94.8;92.3;89.8;89.5;95.3;96.8;86.1;98.7;87.9;77.4;74.4;77.5;63.8;49.6;51.7;100.2;88.0;85.2;60.3;86.5;103.2;36.3;56.3;71.3;28.9;89.0;87.7;84.9;97.4;95.7;92.0;92.7;101.0;88.0;93.2;94.8;81.8;82.3;86.7;31.6;90.8;84.4;88.1;92.3;73.3;;91.5;101.2;108.7;93.7;88.7;90.3;87.8;82.0;92.8;93.7;91.9;71.1;92.6;;96.1;96.3;99.5;96.8;93.9;94.9;94.1;86.4;77.6;87.6;117.8
2021Q2;101.2;97.7;100.9;129.0;108.3;102.5;97.7;95.5;99.8;100.5;102.4;98.1;100.6;113.0;116.6;117.7;114.0;114.9;99.6;99.8;93.4;81.7;94.1;98.1;83.5;95.1;87.5;89.6;103.0;92.0;97.6;98.0;93.9;88.2;103.5;102.3;95.8;99.5;100.9;96.1;94.4;99.1;66.5;98.5;100.6;101.6;96.4;113.3;;104.0;91.9;68.2;99.9;95.1;99.9;89.4;89.9;96.2;103.9;108.5;102.6;98.0;;97.7;100.7;96.4;105.9;98.7;95.2;97.7;104.3;100.9;101.6;127.0
2021Q3;95.8;97.0;92.7;98.1;99.2;101.8;102.2;96.2;94.5;101.0;96.2;99.3;103.4;104.8;102.4;116.5;117.1;118.2;90.4;99.9;102.1;124.9;101.8;90.5;158.5;142.5;117.3;172.7;103.2;103.8;97.6;99.9;94.1;107.2;91.9;87.5;92.4;92.8;96.8;92.7;99.8;100.9;181.3;100.4;98.4;94.9;97.0;115.0;;96.2;102.8;111.5;93.9;102.6;98.2;103.1;103.5;99.6;95.4;92.8;108.5;97.3;;94.8;92.7;88.3;94.8;95.1;95.9;97.1;90.4;103.2;93.7;129.6
2021Q4;112.9;114.5;109.0;78.1;100.3;105.9;110.5;113.0;108.9;112.4;102.8;114.6;118.5;107.8;103.5;102.0;119.2;115.2;109.8;112.3;119.4;133.2;117.5;108.2;121.7;106.2;123.9;108.7;104.8;116.5;120.0;104.7;116.2;112.6;111.9;109.3;123.8;114.5;107.4;129.4;123.6;113.3;120.6;110.3;116.6;115.3;114.3;98.0;;108.3;104.0;113.0;112.5;113.6;111.6;119.7;124.8;113.0;107.0;106.6;117.9;112.1;;111.4;;115.7;102.1;112.2;114.2;111.2;119.0;118.4;117.1;130.3
2022Q1;112.4;104.7;106.2;109.4;109.4;103.0;101.7;104.3;107.1;125.6;97.1;92.9;99.7;99.7;100.4;91.4;95.7;88.0;94.6;104.9;108.5;123.0;112.6;94.8;101.1;104.4;105.3;115.0;91.1;84.5;98.4;100.8;102.9;110.0;95.0;106.0;103.4;96.8;103.9;95.4;105.3;103.1;102.8;105.4;95.8;98.0;107.1;91.1;;110.4;96.4;95.3;109.7;114.4;103.0;117.4;144.9;93.4;113.5;103.3;128.8;106.8;94.9;108.2;104.4;107.9;116.0;108.6;95.9;103.6;93.8;81.2;96.7;123.5
2022Q2;105.2;110.5;110.5;131.7;131.3;120.6;103.3;109.1;114.5;146.4;104.9;103.2;96.7;111.5;115.8;121.9;137.8;133.2;97.8;121.1;131.6;182.5;122.5;95.5;222.5;157.9;160.3;209.8;102.5;91.6;109.2;99.0;102.1;119.7;106.8;110.4;114.8;110.1;110.5;112.3;121.4;114.2;161.2;116.2;115.8;109.6;120.6;120.0;;100.8;112.7;85.2;125.4;129.0;114.0;169.8;147.3;105.2;121.4;122.0;136.2;119.9;108.4;113.2;110.6;112.8;118.5;114.0;96.9;110.2;111.0;108.5;114.8;135.3
2022Q3;117.3;108.1;105.2;108.4;125.2;118.0;108.9;116.2;108.4;137.7;104.7;99.3;102.3;102.7;102.9;118.5;124.6;123.4;94.5;117.8;147.8;210.7;125.5;94.4;237.0;159.2;161.5;209.0;103.5;91.5;97.6;99.7;103.7;117.9;95.1;97.2;112.1;103.2;106.0;105.7;120.3;114.8;275.1;124.6;112.1;100.6;121.9;125.1;;83.9;109.4;111.9;111.4;128.0;109.4;164.4;159.7;106.1;108.7;106.2;118.9;108.7;105.4;110.5;106.3;102.4;134.3;98.6;96.7;105.9;97.7;101.6;105.1;132.5
2022Q4;143.2;123.5;116.0;95.6;125.4;119.9;112.2;122.0;121.1;133.8;111.0;115.2;128.4;112.5;108.4;113.9;141.1;130.8;111.8;127.1;136.0;178.3;124.6;108.9;212.0;150.9;174.4;183.4;107.2;103.5;126.1;103.1;125.6;128.7;113.3;119.6;142.4;126.1;123.3;134.9;141.0;126.4;164.7;139.1;132.0;115.4;130.7;113.9;;94.4;131.4;142.9;127.5;127.5;118.8;174.1;125.4;129.3;110.2;124.4;110.2;120.8;119.0;125.8;130.7;128.1;152.2;115.3;118.5;140.6;124.8;131.7;132.6;132.7
2023Q1;140.4;116.7;118.3;121.5;125.0;115.6;109.0;116.2;124.0;120.9;107.6;94.8;105.6;103.7;98.9;98.6;108.3;95.5;99.2;113.5;116.3;165.7;106.3;96.3;171.2;136.3;155.8;163.7;99.3;91.9;102.6;100.0;115.5;112.9;98.5;117.1;120.9;108.9;117.4;107.3;119.9;113.4;149.9;140.3;109.8;103.7;127.9;111.6;;96.7;112.1;118.8;128.1;120.5;104.9;118.1;114.0;90.8;114.0;109.9;111.5;114.0;105.8;134.5;126.6;135.1;136.7;109.7;110.4;132.7;99.7;89.1;111.8;128.7
2023Q2;149.7;123.0;119.3;133.5;124.4;124.5;106.2;111.3;119.5;109.0;115.8;105.5;95.9;111.7;114.4;128.6;143.1;137.0;101.2;120.6;125.1;196.2;106.2;94.9;262.2;171.9;184.4;218.0;111.0;95.2;109.1;98.7;110.9;110.9;108.9;118.4;127.9;117.4;122.0;116.3;136.2;122.2;213.5;150.0;126.5;110.0;125.3;131.2;;95.7;106.2;125.5;127.6;118.7;108.7;105.6;104.1;88.0;112.1;120.9;101.8;119.3;96.9;138.9;126.9;126.3;150.2;110.4;111.6;202.9;114.3;117.1;127.7;144.0
2023Q3;132.8;119.0;107.6;94.0;113.9;118.0;108.5;105.9;110.1;112.3;112.3;102.4;101.8;101.9;100.5;121.6;123.0;117.5;98.9;116.6;121.3;226.4;103.3;92.3;251.1;172.2;181.7;217.6;109.3;97.3;107.2;99.5;110.3;111.2;102.3;103.8;121.4;111.6;112.0;110.5;126.3;119.9;310.9;154.0;122.6;105.7;114.9;130.0;;82.6;95.8;148.9;106.1;112.1;90.0;139.6;97.4;73.2;96.7;96.9;93.3;106.8;105.3;130.5;123.2;112.7;117.6;98.2;107.5;151.3;99.7;109.3;114.5;145.6
2023Q4;144.7;137.5;122.1;69.0;104.2;120.6;110.6;113.8;117.1;116.0;116.5;116.7;124.2;109.5;104.2;107.4;144.5;130.6;118.0;126.9;123.2;184.8;109.3;119.1;224.5;159.8;191.1;190.7;117.5;110.6;129.4;102.1;135.3;128.8;121.8;125.5;149.1;134.4;129.8;140.3;145.5;130.9;191.4;163.2;140.7;125.0;123.2;;;96.6;105.8;144.8;122.0;108.3;101.5;130.2;102.7;72.3;102.7;106.3;89.2;114.6;114.0;148.6;150.8;137.4;118.1;116.8;125.7;145.9;126.8;138.5;136.7;147.7
2024Q1;145.5;129.1;120.8;109.2;115.9;120.5;102.6;103.3;103.9;109.8;109.7;100.7;100.0;101.9;100.9;101.8;113.9;99.3;106.9;116.3;115.6;171.2;105.5;99.3;184.8;147.8;167.1;175.1;100.8;99.3;104.5;103.8;121.1;116.7;105.8;124.8;125.3;116.8;125.1;113.2;127.8;116.7;172.8;165.8;117.7;107.4;118.8;;;101.0;122.2;144.5;111.2;109.0;95.6;139.1;100.4;77.3;104.9;95.0;97.5;106.9;109.0;129.6;129.8;117.6;135.1;109.6;111.4;128.8;99.0;91.4;112.0;
2024Q2;;;;;;;;;;;114.5;108.4;100.1;108.2;115.3;126.1;141.2;137.2;111.2;;;;;;;;;;;;;;;;;;;;;;;;;;;;123.1;126.3;;98.0;125.4;139.8;123.7;112.5;100.0;125.4;100.7;85.1;108.8;115.1;92.7;114.6;101.6;136.0;135.2;133.7;168.8;110.3;112.6;133.1;119.3;118.2;131.0;
